t_rel_s,pitch_deg,pitch_rate_dps,balance_command_sps,target_velocity_sps,completed_velocity_sps,left_applied_sps,right_applied_sps,controller_saturation_flags,controller_fault_flags,motor_update_dt_ms,motor_feedback_age_ms,left_actual_steps,right_actual_steps
0.002491,3.0793061363185643,37.76316723844792,2981.8185806274414,0.0,2837.495531310508,3000.0,3000.0,3,0,2.5,2.499,9052,9052
0.022492,3.9838216804001276,45.31435089081138,3066.166114807129,0.0,2957.6759452033625,3000.0,3000.0,3,0,2.5010000000000003,2.5,9113,9113
0.042491,5.018083246205835,49.15764169685694,3109.096145629883,0.0,3049.9697515892626,3200.0,3200.0,3,0,2.5,2.499,9175,9175
0.060041,5.838588472291407,35.08258710442398,2951.8762588500977,0.0,3108.9400424678533,3000.0,3000.0,3,0,2.5500000000000003,0.049,9238,9238
0.082491,6.54846106817215,29.797433010239608,2892.840576171875,0.0,3070.36753242067,2800.0,2800.0,3,0,2.5,2.499,9297,9297
0.102491,7.01419218829243,8.798578083017114,2658.2809448242188,0.0,2971.342654016455,2800.0,2800.0,3,0,2.5,2.499,9354,9354
0.12249,7.091275338393851,6.321516942047529,2630.611991882324,0.0,2797.242529296113,2800.0,2800.0,3,0,2.493,2.498,9407,9407
0.14249,7.0163037071581025,-1.6313081179091655,2541.7781829833984,0.0,2689.652923055748,2600.0,2600.0,3,0,2.499,2.498,9459,9459
0.162491,6.782975893988806,-20.505285353349514,2330.953788757324,0.0,2571.46293383577,2200.0,2200.0,3,0,2.5010000000000003,2.499,9510,9510
0.180009,6.526467726227503,-15.828567224485585,2383.1932067871094,0.0,2477.7367798744613,2400.0,2400.0,3,0,2.519,0.017,9557,9557
0.20249,6.067533625255519,-15.350711208128889,2388.530921936035,0.0,2411.114962284792,2400.0,2400.0,2,0,2.499,2.498,9604,9604
0.222491,5.615880694152812,-19.184151251842085,2345.7109451293945,0.0,2367.71975827433,2200.0,2200.0,2,0,2.5,2.499,9651,9651
0.242491,5.133252513406582,-19.29340178174389,2344.490623474121,0.0,2329.1676633226343,2200.0,2200.0,2,0,2.5010000000000003,2.499,9697,9697
0.26,4.768938241119914,-30.37977986336266,2220.6546783447266,0.0,2319.823409836355,2200.0,2200.0,2,0,2.508,0.008,9744,9744
0.282492,4.230416499449383,-18.691032543450778,2351.2191772460938,0.0,2307.3026292258646,2400.0,2400.0,2,0,2.5010000000000003,2.5,9789,9789
0.302542,3.8973721533671584,-16.27040897122509,2378.2577514648438,0.0,2326.942620566145,2400.0,2400.0,2,0,2.552,2.55,9836,9836
0.322491,3.657708507547731,-2.8680192942860603,2527.9638290405273,0.0,2338.1175698484594,2600.0,2600.0,2,0,2.5,2.499,9883,9883
0.342487,3.5599186444571873,-12.01729623611878,2425.765609741211,0.0,2410.0008609878523,2400.0,2400.0,2,0,2.4979999999999998,2.495,9934,9934
0.36249,3.3769159399346274,-6.166168648582785,2491.1231994628906,0.0,2457.905309427553,2400.0,2400.0,2,0,2.499,2.498,9983,9983
0.382491,3.278497033682856,-7.133656631880828,2480.3163528442383,0.0,2488.3269847045954,2400.0,2400.0,2,0,2.5,2.499,10033,10033
0.4,3.1860030331954117,-7.080036963595688,2480.9152603149414,0.0,2495.8894590118857,2600.0,2600.0,2,0,2.509,0.008,10083,10083
0.422502,2.948515422301453,-6.813166857208523,2483.896255493164,0.0,2489.083807086731,2400.0,2400.0,2,0,2.511,2.51,10132,10132
0.442492,2.8218437043887805,-9.854775109485828,2449.921226501465,0.0,2479.9191853597245,2400.0,2400.0,2,0,2.5,2.5,10182,10182
0.462491,2.6844711389794083,0.27926468080609557,2563.1195068359375,0.0,2452.858581744394,2400.0,2400.0,2,0,2.5,2.499,10231,10231
0.48249,2.5818930205398005,-18.216049930115364,2356.5248489379883,0.0,2498.72666857207,2600.0,2600.0,2,0,2.499,2.498,10282,10282
0.50249,2.474442999956856,-1.4464092664155253,2543.843460083008,0.0,2498.379037264228,2600.0,2600.0,2,0,2.5010000000000003,2.498,10331,10331
0.522491,2.3148803757555467,-9.666134064006357,2452.028274536133,0.0,2508.6081784225375,2400.0,2400.0,2,0,2.5,2.499,10381,10381
0.54249,2.2252159977088293,-2.7721549178311977,2529.0348052978516,0.0,2472.8302828627093,2600.0,2600.0,2,0,2.5,2.498,10430,10430
0.56251,2.202394522279854,-1.5895508203221291,2542.244529724121,0.0,2492.6278708623254,2600.0,2600.0,2,0,2.519,2.518,10481,10481
0.582491,1.9858307976870047,1.4853824761631855,2576.5918731689453,0.0,2508.9253037192416,2400.0,2400.0,3,0,2.5,2.499,10531,10531
0.602492,1.8852122281597692,-9.975011672477947,2448.5780715942383,0.0,2503.993169101138,2600.0,2600.0,3,0,2.5,2.5,10581,10581
0.622493,1.7801067981775962,-3.352638788722154,2522.5507736206055,0.0,2470.340697854352,2600.0,2600.0,3,0,2.502,2.501,10630,10630
0.642498,1.7023513551351919,-8.680097440643467,2463.042449951172,0.0,2499.7582163225006,2400.0,2400.0,2,0,2.506,2.506,10681,10681
0.662491,1.754762861521355,-3.6839790688757734,2518.849563598633,0.0,2515.53112094059,2600.0,2600.0,2,0,2.499,2.499,10732,10732
0.682496,1.574407732867055,-2.9155885140963016,2527.432632446289,0.0,2530.5574233405714,2600.0,2600.0,3,0,2.505,2.504,10782,10782
0.70249,1.6003357725093912,-3.9677307167682163,2515.6801223754883,0.0,2539.511840789938,2600.0,2600.0,3,0,2.4979999999999998,2.498,10833,10833
0.72249,1.5733345118219657,6.130740845142096,2628.481101989746,0.0,2521.8946928874743,2600.0,2600.0,3,0,2.499,2.498,10884,10884
0.742491,1.727052921063489,4.054220237168362,2605.2860260009766,0.0,2581.290038050909,2600.0,2600.0,3,0,2.5,2.499,10937,10937
0.762491,1.6805840390760678,3.415046039563657,2598.146438598633,0.0,2581.860069286209,2400.0,2400.0,3,0,2.499,2.499,10988,10988
0.78249,1.7314994509215265,-1.8575835476312283,2539.2507553100586,0.0,2580.0034746642955,2600.0,2600.0,3,0,2.499,2.498,11039,11039
0.802491,1.7256539141130471,0.20437858661185257,2562.283134460449,0.0,2540.787873851447,2600.0,2600.0,3,0,2.5010000000000003,2.499,11090,11090
0.82249,1.7783406310178231,0.5395431848689627,2566.0266876220703,0.0,2558.462687960769,2600.0,2600.0,3,0,2.499,2.498,11141,11141
0.842491,1.8179709794034826,3.0397048756328946,2593.9538955688477,0.0,2570.8783675042464,2600.0,2600.0,3,0,2.5,2.499,11193,11193
0.862493,1.8636820967490306,1.484253915775223,2576.5792846679688,0.0,2590.872804200442,2400.0,2400.0,3,0,2.503,2.501,11245,11245
0.88249,1.8848982144399704,0.30647889428500014,2563.423538208008,0.0,2580.0648816495504,2600.0,2600.0,3,0,2.499,2.498,11296,11296
0.90249,1.889522238328801,1.6594439653221078,2578.536033630371,0.0,2569.1188837180853,2600.0,2600.0,3,0,2.5,2.498,11347,11347
0.92249,1.886154179065927,1.5525429095844145,2577.3420333862305,0.0,2568.2741068132395,2600.0,2600.0,3,0,2.499,2.498,11398,11398
0.94249,1.9272608776911462,1.6302148131660188,2578.2094955444336,0.0,2560.01545142063,2600.0,2600.0,3,0,2.499,2.498,11450,11450
0.96249,2.000273420887407,3.5545179821234347,2599.704360961914,0.0,2579.605971394911,2600.0,2600.0,3,0,2.499,2.498,11502,11502
0.98249,2.0607361768079318,2.9320341111992874,2592.751121520996,0.0,2599.6050828981633,2600.0,2600.0,3,0,2.499,2.498,11554,11554
1.00249,2.0829115634604363,-1.116848269125167,2547.524833679199,0.0,2580.393443790911,2600.0,2600.0,3,0,2.499,2.498,11605,11605
1.02249,2.0636543349298684,-1.9345511442021086,2538.3909225463867,0.0,2561.896339230591,2600.0,2600.0,3,0,2.499,2.498,11656,11656
1.04249,2.040799851731129,-1.2857680131292681,2545.637893676758,0.0,2552.7809788617064,2600.0,2600.0,3,0,2.5,2.498,11707,11707
1.06249,2.0484388841725987,1.909714997584173,2581.3318252563477,0.0,2541.8821233882886,2600.0,2600.0,3,0,2.499,2.498,11758,11758
1.08249,2.0775286212246855,1.4560477470244653,2576.2643814086914,0.0,2559.921598259855,2600.0,2600.0,3,0,2.499,2.498,11810,11810
1.102491,2.110172251733015,1.404743971349914,2575.6912231445312,0.0,2561.8135673650704,2600.0,2600.0,3,0,2.5010000000000003,2.499,11861,11861
1.122492,2.0888082646232458,-1.4910495697373687,2543.3448791503906,0.0,2564.077806211351,2600.0,2600.0,3,0,2.4979999999999998,2.5,11912,11912
1.14249,2.051994667248124,-1.302531455512757,2545.4505920410156,0.0,2544.167824495426,2600.0,2600.0,3,0,2.4979999999999998,2.498,11963,11963
1.16249,1.987625529505111,-5.275604127473577,2501.070976257324,0.0,2541.8220667878877,2600.0,2600.0,3,0,2.5,2.498,12014,12014
1.180009,1.8943547740133404,-5.876962930153086,2494.353675842285,0.0,2529.071913001997,2600.0,2600.0,3,0,2.519,0.017,12064,12064
1.20249,1.695596612181214,-8.570759370960984,2464.2637252807617,0.0,2491.025598279468,2600.0,2600.0,3,0,2.499,2.498,12113,12113
1.22249,1.5207813807360715,-7.648675893502878,2474.563407897949,0.0,2473.106831199303,2400.0,2400.0,2,0,2.499,2.498,12163,12163
1.242491,1.399506060929997,-3.702361588251612,2518.644332885742,0.0,2460.069047943223,2600.0,2600.0,2,0,2.499,2.499,12212,12212
1.260001,1.3421312982548816,-0.3975005163952754,2555.5599212646484,0.0,2479.8211796519213,2600.0,2600.0,2,0,2.5100000000000002,0.009,12262,12262
1.28249,1.3203857557887007,-1.5022055060824828,2543.220329284668,0.0,2509.2948797506824,2600.0,2600.0,2,0,2.499,2.498,12313,12313
1.302492,1.3352327194403477,0.051986145743008305,2560.580825805664,0.0,2535.823735771631,2600.0,2600.0,3,0,2.5,2.5,12364,12364
1.32249,1.3823242843695518,2.996697287451655,2593.4736251831055,0.0,2570.476510955129,2600.0,2600.0,3,0,2.499,2.498,12416,12416
1.34249,1.47305299846862,5.857820846377841,2625.4323959350586,0.0,2595.82201078994,2600.0,2600.0,3,0,2.4979999999999998,2.498,12468,12468
1.362495,1.556853832875534,4.088568703116837,2605.6699752807617,0.0,2599.9922100903937,2600.0,2600.0,3,0,2.505,2.503,12520,12520
1.382492,1.644369910571225,2.797187925361345,2591.244888305664,0.0,2599.999985439073,2600.0,2600.0,3,0,2.502,2.5,12572,12572
1.4,1.71096415627922,2.9423218627258088,2592.8659439086914,0.0,2599.9999999405104,2600.0,2600.0,3,0,2.509,0.008,12624,12624
1.422503,1.763905311678231,2.0565695423309043,2582.9721450805664,0.0,2599.9999999999495,2600.0,2600.0,3,0,2.513,2.511,12676,12676
1.442491,1.7895719938353518,0.3376383729939436,2563.771438598633,0.0,2581.895604496843,2600.0,2600.0,3,0,2.5,2.499,12727,12727
1.462491,1.8109396944755962,2.1755827654240516,2584.3015670776367,0.0,2580.00353993284,2400.0,2400.0,3,0,2.5,2.499,12779,12779
1.482491,1.8613298945721413,0.7569804463779627,2568.4555053710938,0.0,2560.0818973776245,2600.0,2600.0,3,0,2.499,2.499,12830,12830
1.502495,1.917892388466829,3.374597692218468,2597.694778442383,0.0,2579.918364821934,2600.0,2600.0,3,0,2.502,2.503,12882,12882
1.522492,1.959108011617594,1.5870759912050145,2577.727699279785,0.0,2598.105433579723,2600.0,2600.0,3,0,2.5,2.5,12934,12934
1.54249,1.974904704523841,0.7879479048716223,2568.801689147949,0.0,2580.3906410580057,2600.0,2600.0,3,0,2.499,2.498,12985,12985
1.562509,2.007467850239922,1.0673250154271754,2571.9221115112305,0.0,2561.8856405156384,2600.0,2600.0,3,0,2.5170000000000003,2.517,13036,13036
1.58249,2.042427337477452,1.8655468749672912,2580.838394165039,0.0,2570.8819146583114,2600.0,2600.0,3,0,2.499,2.498,13088,13088
1.60249,2.0954681625505702,2.620813928141146,2589.2749786376953,0.0,2579.9829724978017,2600.0,2600.0,3,0,2.5,2.498,13140,13140
1.622491,2.150177456798568,3.1651343052806427,2595.3550338745117,0.0,2589.0785293506347,2600.0,2600.0,3,0,2.5010000000000003,2.499,13191,13191
1.642498,2.152169693400849,-1.8255174648434582,2539.6087646484375,0.0,2580.0169163916275,2600.0,2600.0,3,0,2.506,2.506,13243,13243
1.662491,2.1446244907691225,-2.496957651230588,2532.1088790893555,0.0,2561.8956361567834,2600.0,2600.0,3,0,2.5,2.499,13294,13294
1.682491,2.1015697743187287,-2.773661094802094,2529.018020629883,0.0,2561.505210806432,2600.0,2600.0,3,0,2.5010000000000003,2.499,13345,13345
1.702492,2.061277491551433,0.13267487017373605,2561.482048034668,0.0,2540.8665455057794,2600.0,2600.0,3,0,2.5010000000000003,2.5,13396,13396
1.722491,2.0670577950311566,1.9199338460869977,2581.44588470459,0.0,2540.313635917154,2600.0,2600.0,3,0,2.5010000000000003,2.499,13447,13447
1.74249,2.139172957696531,4.503036658061447,2610.299491882324,0.0,2559.918669383358,2600.0,2600.0,3,0,2.5,2.498,13499,13499
1.762492,2.299307842950064,10.26758912445359,2674.690055847168,0.0,2595.80623723384,2600.0,2600.0,3,0,2.5,2.5,13551,13551
1.78249,2.5124788194017493,11.930759409328864,2693.267822265625,0.0,2619.1278851006355,2800.0,2800.0,3,0,2.499,2.498,13604,13604
1.802491,2.6813855656978887,5.526123283085413,2621.7273712158203,0.0,2639.961034763949,2800.0,2800.0,3,0,2.499,2.499,13657,13657
1.822491,2.7349777209050603,0.7599887814707527,2568.4890747070312,0.0,2659.9625783800193,2600.0,2600.0,3,0,2.499,2.499,13710,13710
1.84249,2.7162544244720523,-2.6968922189458513,2529.8755645751953,0.0,2621.93349079739,2400.0,2400.0,3,0,2.499,2.498,13762,13762
1.86249,2.64736661581727,-3.3674664780458263,2522.3852157592773,0.0,2571.0999199721564,2600.0,2600.0,3,0,2.5,2.498,13812,13812
1.882491,2.512504379284362,-9.3754515808183,2455.275344848633,0.0,2529.530553897753,2400.0,2400.0,3,0,2.5010000000000003,2.499,13862,13862
1.90249,2.3538300127969523,-8.452907364813983,2465.580177307129,0.0,2489.1739265011024,2400.0,2400.0,3,0,2.5,2.498,13911,13911
1.922492,2.1756722086596416,-8.692948221233832,2462.898826599121,0.0,2460.7381655284553,2600.0,2600.0,2,0,2.502,2.5,13960,13960
1.942492,1.9981534020456813,-10.187609217315652,2446.2034225463867,0.0,2460.001378481851,2400.0,2400.0,2,0,2.5010000000000003,2.5,14010,14010
1.962492,1.8619108185771367,-6.050248226322052,2492.418098449707,0.0,2467.2214870082466,2400.0,2400.0,2,0,2.5010000000000003,2.5,14059,14059
1.982492,1.7561906292456648,-4.983331472279707,2504.335594177246,0.0,2471.3702526573566,2400.0,2400.0,2,0,2.502,2.5,14109,14109
2.002491,1.727603162165068,1.1676990998280246,2573.0432510375977,0.0,2499.1196010121253,2600.0,2600.0,2,0,2.4979999999999998,2.499,14159,14159
2.022491,1.7739768618006202,4.854659099549404,2614.2271041870117,0.0,2527.855918341822,2600.0,2600.0,2,0,2.5010000000000003,2.499,14210,14210
2.04249,1.8276504497541657,3.673715892522753,2601.0358810424805,0.0,2558.0365584772985,2600.0,2600.0,3,0,2.4979999999999998,2.498,14262,14262
2.062491,1.8454492193553542,-0.027406369905888236,2559.6939086914062,0.0,2579.602277077387,2400.0,2400.0,3,0,2.5,2.499,14314,14314
2.08249,1.8194727239953956,-3.4589020711015857,2521.363639831543,0.0,2579.687018002523,2400.0,2400.0,3,0,2.499,2.498,14365,14365
2.102491,1.7842546300406252,-0.7192865038472107,2551.9655227661133,0.0,2549.2000690299556,2600.0,2600.0,3,0,2.5,2.499,14415,14415
2.120003,1.7743821547905572,-0.602574004991398,2553.2691955566406,0.0,2544.9828975589867,2600.0,2600.0,3,0,2.511,0.011,14466,14466
2.14249,1.777795704123977,1.9777526704141752,2582.09171295166,0.0,2547.229687629663,2600.0,2600.0,3,0,2.499,2.498,14517,14517
2.162491,1.7594226615853803,-1.0265630444339748,2548.533248901367,0.0,2559.8338874012043,2400.0,2400.0,3,0,2.5,2.499,14569,14569
2.182491,1.7246841037275187,-3.5382393507815824,2520.4774856567383,0.0,2559.8572599056106,2400.0,2400.0,3,0,2.5010000000000003,2.499,14620,14620
2.202491,1.660796308784543,-5.094833526144465,2503.090286254883,0.0,2541.583171245162,2600.0,2600.0,3,0,2.5,2.499,14670,14670
2.222491,1.5923984703382503,-2.9957276820020056,2526.53751373291,0.0,2527.405893283371,2600.0,2600.0,3,0,2.5,2.499,14720,14720
2.24249,1.5382190965361808,-0.042672881259643226,2559.523391723633,0.0,2520.013834427115,2600.0,2600.0,3,0,2.5,2.498,14771,14771
2.262491,1.526769498658549,-1.289923798885021,2545.5915451049805,0.0,2536.15329464151,2600.0,2600.0,3,0,2.493,2.499,14822,14822
2.28249,1.5139985895364705,-2.2835160032741455,2534.493064880371,0.0,2539.9928142409194,2600.0,2600.0,3,0,2.499,2.498,14873,14873
2.302491,1.5515966963397467,1.8097825691270117,2580.2154541015625,0.0,2555.941645463246,2600.0,2600.0,3,0,2.499,2.499,14924,14924
2.32249,1.650029088735634,7.655166663444294,2645.509147644043,0.0,2575.8348273469956,2600.0,2600.0,3,0,2.4979999999999998,2.498,14976,14976
2.34249,1.8538312584386383,15.564406292780866,2733.856201171875,0.0,2608.974393917384,2600.0,2600.0,3,0,2.499,2.498,15029,15029
2.36249,2.2413560050325,27.08948592320728,2862.5925064086914,0.0,2657.9039705839255,2800.0,2800.0,3,0,2.497,2.498,15083,15083
2.382491,2.8961789937790403,36.728394151433534,2970.2600479125977,0.0,2768.918722910873,2800.0,2800.0,3,0,2.499,2.499,15141,15141
2.4,3.6012155773009407,39.287731285629896,2998.848342895508,0.0,2860.8508229798117,3000.0,3000.0,3,0,2.5100000000000002,0.008,15200,15200
2.422503,4.473125130540192,39.99437217917388,3006.7413330078125,0.0,2957.2728816185117,3000.0,3000.0,3,0,2.512,2.511,15260,15260
2.442491,5.276195578263474,39.08068261479459,2996.535301208496,0.0,2998.017962460749,3000.0,3000.0,3,0,2.5,2.499,15320,15320
2.462491,6.066613165957123,41.06754030642906,3018.729019165039,0.0,2999.9962986584037,3000.0,3000.0,3,0,2.5010000000000003,2.499,15380,15380
2.482492,6.78573244600002,33.80409877516404,2937.595558166504,0.0,2999.9999930901276,3000.0,3000.0,3,0,2.502,2.5,15440,15440
2.502504,7.413893733742197,24.678687547372018,2835.663414001465,0.0,2969.260474163244,3000.0,3000.0,3,0,2.513,2.512,15498,15498
2.522491,7.766129233068174,10.116331746300112,2673.0005264282227,0.0,2910.179799439681,2800.0,2800.0,3,0,2.5,2.499,15555,15555
2.542493,7.8103839488218805,-4.8171394295479635,2506.1920166015625,0.0,2793.7874832116277,2600.0,2600.0,3,0,2.503,2.501,15608,15608
2.562511,7.5092031417939475,-24.756516178705564,2283.4671020507812,0.0,2635.6841830527883,2200.0,2200.0,3,0,2.52,2.519,15658,15658
2.582491,6.922739199742637,-34.52357304829137,2174.368095397949,0.0,2431.971356485873,2200.0,2200.0,3,0,2.499,2.499,15703,15703
2.602491,6.1601324429535635,-41.111088240282164,2100.7848739624023,0.0,2288.924359147919,2000.0,2000.0,2,0,2.4979999999999998,2.499,15747,15747
2.622491,5.276529310684963,-46.277639840876446,2043.073844909668,0.0,2149.037189035704,2200.0,2200.0,2,0,2.4979999999999998,2.499,15788,15788
2.642498,4.447090911899206,-38.7295255804889,2127.387046813965,0.0,2101.272681968204,2200.0,2200.0,2,0,2.506,2.506,15830,15830
2.662491,3.829540774119698,-26.54646614536917,2263.473320007324,0.0,2109.381948523204,2200.0,2200.0,2,0,2.5,2.499,15873,15873
2.68249,3.3501251418992073,-20.107206457804786,2335.400390625,0.0,2168.568279845676,2400.0,2400.0,2,0,2.499,2.498,15918,15918
2.702492,3.0657317399130526,-11.703514950621074,2429.270553588867,0.0,2259.6880782007634,2600.0,2600.0,2,0,2.5010000000000003,2.5,15965,15965
2.72249,2.959797981043477,-1.1887948207781085,2546.721076965332,0.0,2369.635125578218,2600.0,2600.0,2,0,2.5,2.498,16014,16014
2.74249,3.020900895292613,4.963342029448228,2615.4409408569336,0.0,2461.3404823512337,2800.0,2800.0,2,0,2.499,2.498,16065,16065
2.762491,3.1883128030046635,10.138849305076358,2673.2519149780273,0.0,2550.59211917783,2600.0,2600.0,3,0,2.5,2.499,16118,16118
2.782492,3.3400784730419413,7.365574386810551,2642.274284362793,0.0,2619.5413273016206,2600.0,2600.0,3,0,2.5010000000000003,2.5,16171,16171
2.802492,3.4327474961783073,1.8569051422937337,2580.7418823242188,0.0,2641.4184518127668,2600.0,2600.0,3,0,2.5010000000000003,2.5,16224,16224
2.822491,3.439331674298006,-0.7708926169632342,2551.3891220092773,0.0,2629.1185479713486,2400.0,2400.0,3,0,2.5010000000000003,2.499,16276,16276
2.842491,3.4016066336468125,-0.7046406888548274,2552.1291732788086,0.0,2578.336444243775,2600.0,2600.0,3,0,2.5,2.499,16326,16326
2.86249,3.319065402551456,-6.014738191781026,2492.814826965332,0.0,2540.898802947728,2600.0,2600.0,3,0,2.499,2.498,16377,16377
2.882491,3.207545510883541,-7.11883129301255,2480.4819107055664,0.0,2527.618893454019,2600.0,2600.0,3,0,2.5,2.499,16427,16427
2.902491,3.080560562917077,-8.441507508487609,2465.7073974609375,0.0,2500.8785062124803,2400.0,2400.0,3,0,2.5,2.499,16477,16477
2.92249,2.979116474826326,-5.8651457686021935,2494.485664367676,0.0,2491.277059796182,2400.0,2400.0,3,0,2.5,2.498,16527,16527
2.942491,2.896255595128156,-4.398720413988191,2510.8657836914062,0.0,2490.902290093108,2400.0,2400.0,2,0,2.5,2.499,16577,16577
2.962491,2.8429461902838407,-2.8033577940219363,2528.6863327026367,0.0,2510.8642479924392,2600.0,2600.0,2,0,2.5,2.499,16627,16627
2.982491,2.8082927666534543,-3.104347442574638,2525.324058532715,0.0,2529.3654942076837,2600.0,2600.0,3,0,2.5010000000000003,2.499,16678,16678
3.002491,2.774883296087849,-4.111441929110789,2514.07470703125,0.0,2538.265192961749,2400.0,2400.0,3,0,2.499,2.499,16729,16729
3.022491,2.7463886228920904,-1.7429126214399049,2540.531539916992,0.0,2539.9967603472055,2600.0,2600.0,3,0,2.5010000000000003,2.499,16779,16779
3.042492,2.7167578355776514,-1.8515869542762982,2539.3177032470703,0.0,2539.9999939520344,2600.0,2600.0,3,0,2.5010000000000003,2.5,16830,16830
3.062491,2.686373471418931,-0.1501007980458851,2558.3234786987305,0.0,2539.9999999887023,2600.0,2600.0,3,0,2.5,2.499,16881,16881
3.082491,2.6808821815055195,-0.22631963764183555,2557.472038269043,0.0,2539.999999999979,2600.0,2600.0,3,0,2.5010000000000003,2.499,16932,16932
3.102492,2.6839500401773915,-0.5776221352901363,2553.548049926758,0.0,2540.6841716555755,2600.0,2600.0,3,0,2.502,2.5,16983,16983
3.122491,2.679549477909549,0.5643485469017223,2566.303825378418,0.0,2556.6260741240926,2600.0,2600.0,3,0,2.4949999999999997,2.499,17034,17034
3.142491,2.694656967921699,0.7556342813511262,2568.440628051758,0.0,2559.9936993866463,2400.0,2400.0,3,0,2.499,2.499,17086,17086
3.16249,2.73322229827052,2.072214299369493,2583.1470489501953,0.0,2559.999988230268,2600.0,2600.0,3,0,2.4979999999999998,2.498,17137,17137
3.180009,2.771625586938046,0.7927792324884801,2568.8552856445312,0.0,2579.82134725071,2600.0,2600.0,3,0,2.518,0.017,17189,17189
3.20249,2.823301746766008,1.333125040190627,2574.8910903930664,0.0,2578.497704325144,2600.0,2600.0,3,0,2.499,2.498,17240,17240
3.22249,2.839552149756515,-0.20143861582216918,2557.7499389648438,0.0,2579.9971945488614,2400.0,2400.0,3,0,2.499,2.498,17292,17292
3.242491,2.8320805780362033,-1.773338483148265,2540.191650390625,0.0,2570.9185693302948,2600.0,2600.0,3,0,2.5,2.499,17343,17343
3.260001,2.8361524285554496,-1.264496565429994,2545.875358581543,0.0,2560.824488136684,2600.0,2600.0,3,0,2.509,0.009,17394,17394
3.28249,2.8086884222930872,-1.7464197588511,2540.4922485351562,0.0,2558.2843395501263,2600.0,2600.0,3,0,2.5,2.498,17445,17445
3.302491,2.774896735345647,-3.5066064448319114,2520.8309173583984,0.0,2551.0577003738417,2600.0,2600.0,3,0,2.5,2.499,17496,17496
3.322491,2.7177961286225036,-4.428913402273278,2510.528564453125,0.0,2551.258595671971,2400.0,2400.0,3,0,2.5,2.499,17547,17547
3.34249,2.6385345766206583,-4.725378308660234,2507.217025756836,0.0,2531.8088068644356,2400.0,2400.0,3,0,2.499,2.498,17597,17597
3.362492,2.5690802632214687,-6.29646045758979,2489.6678924560547,0.0,2511.817575810467,2600.0,2600.0,3,0,2.502,2.5,17647,17647
3.382491,2.502858037180816,-5.3650463296277895,2500.071907043457,0.0,2500.378648672621,2600.0,2600.0,3,0,2.5010000000000003,2.499,17697,17697
3.400003,2.4547924545558417,-3.9141516139429324,2516.278648376465,0.0,2516.5429352614706,2400.0,2400.0,3,0,2.512,0.011,17748,17748
3.422503,2.3952174383643405,-1.010414704341218,2548.713493347168,0.0,2519.997056522528,2600.0,2600.0,3,0,2.512,2.511,17798,17798
3.442491,2.3437426912198096,-3.062869415354881,2525.787353515625,0.0,2535.9858847943847,2400.0,2400.0,3,0,2.499,2.499,17849,17849
3.462491,2.3113188354967504,-0.8551131972125533,2550.448417663574,0.0,2539.210116271462,2400.0,2400.0,3,0,2.499,2.499,17900,17900
3.482491,2.302040998781818,-1.4507242072937374,2543.795394897461,0.0,2550.5230537769544,2400.0,2400.0,3,0,2.5,2.499,17951,17951
3.502501,2.3038532890377366,1.2931402570131996,2574.444580078125,0.0,2559.202179283373,2600.0,2600.0,3,0,2.5100000000000002,2.509,18002,18002
3.52249,2.325519548606066,-0.7968408884055067,2551.09920501709,0.0,2558.4963623055432,2600.0,2600.0,3,0,2.499,2.498,18053,18053
3.542488,2.347034134844849,4.116611999583601,2605.9829711914062,0.0,2567.2191569186593,2600.0,2600.0,3,0,2.5,2.496,18104,18104
3.562506,2.366840186498196,0.5422375228581533,2566.0568237304688,0.0,2570.9403636811535,2600.0,2600.0,3,0,2.516,2.514,18156,18156
3.582491,2.427028906641646,2.3862576761179723,2586.6546630859375,0.0,2561.877415561514,2600.0,2600.0,3,0,2.499,2.499,18207,18207
3.602492,2.468307157410391,2.553095766852755,2588.5183334350586,0.0,2579.8237825918145,2600.0,2600.0,3,0,2.5010000000000003,2.5,18259,18259
3.622492,2.5363591957135463,3.5957298329129976,2600.164794921875,0.0,2579.9996709240822,2600.0,2600.0,3,0,2.5010000000000003,2.5,18311,18311
3.642497,2.5977050055024575,1.8792053907449426,2580.990982055664,0.0,2599.918237152172,2600.0,2600.0,3,0,2.506,2.505,18363,18363
3.662493,2.6363535220226355,1.4916769269041,2576.662254333496,0.0,2589.1128819879946,2600.0,2600.0,3,0,2.502,2.501,18414,18414
3.682491,2.6186436650281997,-2.140655347477894,2536.088752746582,0.0,2580.0170284811834,2400.0,2400.0,3,0,2.499,2.499,18466,18466
3.702491,2.598277777601238,0.2988877826786673,2563.3386611938477,0.0,2560.0819482975007,2400.0,2400.0,3,0,2.499,2.499,18517,18517
3.72249,2.577177246798976,0.8675471337817227,2569.69051361084,0.0,2543.8456293857766,2600.0,2600.0,3,0,2.4979999999999998,2.498,18567,18567
3.74249,2.5755094662127713,1.1269186012969221,2572.5879669189453,0.0,2542.2698792586375,2600.0,2600.0,3,0,2.497,2.498,18618,18618
3.762491,2.627475723408221,2.7405063151976914,2590.6118392944336,0.0,2558.1086330412095,2600.0,2600.0,3,0,2.5,2.499,18670,18670
3.782491,2.714867913797021,3.747425230309304,2601.8590927124023,0.0,2579.6025342981457,2600.0,2600.0,3,0,2.5,2.499,18722,18722
3.80249,2.8138608845534785,6.208847163228065,2629.353713989258,0.0,2599.605076246362,2600.0,2600.0,3,0,2.499,2.498,18774,18774
3.82249,2.9236176060338646,5.585222028817977,2622.3875045776367,0.0,2599.999262502507,2600.0,2600.0,3,0,2.499,2.498,18826,18826
3.842492,3.0353238466419734,6.296011713172897,2630.3272247314453,0.0,2619.8204456551152,2600.0,2600.0,3,0,2.502,2.5,18879,18879
3.862491,3.199820194464839,9.06897283979463,2661.3012313842773,0.0,2619.9996645871875,2800.0,2800.0,3,0,2.5010000000000003,2.499,18931,18931
3.882492,3.4048150664348826,10.858482505133974,2681.2902450561523,0.0,2629.031143474254,2800.0,2800.0,3,0,2.502,2.5,18984,18984
3.902491,3.626775219087119,11.691560755836486,2690.5960083007812,0.0,2659.0709470577617,2600.0,2600.0,3,0,2.5010000000000003,2.499,19038,19038
3.92249,3.844216439036681,10.422560325110846,2676.4211654663086,0.0,2671.3467338418864,2600.0,2600.0,3,0,2.499,2.498,19092,19092
3.94249,3.9571241502707437,1.0153011432290804,2571.3409423828125,0.0,2679.9838405210076,2600.0,2600.0,3,0,2.499,2.498,19145,19145
3.962491,3.9852116507502364,-0.7672224406039194,2551.430130004883,0.0,2649.156069510886,2400.0,2400.0,3,0,2.5,2.499,19197,19197
3.98249,3.964903785498865,-1.745064556347098,2540.5075073242188,0.0,2600.493227320574,2400.0,2400.0,3,0,2.499,2.498,19248,19248
4.002492,3.935885557661224,-1.598314837579118,2542.146682739258,0.0,2560.164650583829,2400.0,2400.0,3,0,2.5,2.5,19299,19299
4.02249,3.9216693576669686,1.0435567448766387,2571.656608581543,0.0,2547.3053822250536,2600.0,2600.0,3,0,2.5,2.498,19349,19349
4.042492,3.881782228957235,-1.943545586787988,2538.2904052734375,0.0,2547.234523006728,2600.0,2600.0,3,0,2.5010000000000003,2.5,19400,19400
4.062491,3.818641657930164,-4.777467696961407,2506.635093688965,0.0,2538.2991331636267,2400.0,2400.0,3,0,2.5,2.499,19451,19451
4.082491,3.7586009681934436,-4.4971473809634865,2509.766387939453,0.0,2521.535719620334,2600.0,2600.0,3,0,2.5,2.499,19501,19501
4.10249,3.6832059435624522,-5.220245438563867,2501.689338684082,0.0,2520.002868769552,2600.0,2600.0,3,0,2.499,2.498,19551,19551
4.122492,3.555052341353437,-5.690239977439488,2496.4393615722656,0.0,2504.157596880913,2600.0,2600.0,3,0,2.4979999999999998,2.5,19601,19601
4.14249,3.3687512901028884,-10.209550137182235,2445.9583282470703,0.0,2500.36433030731,2400.0,2400.0,3,0,2.499,2.498,19651,19651
4.16249,3.096256760492669,-13.023466003758012,2414.5265579223633,0.0,2460.9474441806665,2400.0,2400.0,2,0,2.499,2.498,19700,19700
4.180008,2.8717750975922023,-15.427738103601348,2387.6707077026367,0.0,2441.8887740405717,2400.0,2400.0,2,0,2.5170000000000003,0.016,19748,19748
4.200044,2.6529336216148285,-10.063168507167711,2447.5934982299805,0.0,2420.1801310803576,2600.0,2600.0,2,0,2.553,0.052,19796,19796
4.22249,2.5509185961501455,-0.8236786600007087,2550.7993698120117,0.0,2436.152216133106,2400.0,2400.0,2,0,2.4979999999999998,2.498,19846,19846
4.242491,2.578052123930458,1.6094978474282968,2577.9783248901367,0.0,2477.7032785618094,2600.0,2600.0,2,0,2.499,2.499,19896,19896
